DATE ADDED TO CATALOG	PUBMEDID	FIRST AUTHOR	DATE	JOURNAL	LINK	STUDY	DISEASE/TRAIT	INITIAL SAMPLE SIZE	REPLICATION SAMPLE SIZE	REGION	CHR_ID	CHR_POS	REPORTED GENE(S)	MAPPED_GENE	UPSTREAM_GENE_ID	DOWNSTREAM_GENE_ID	SNP_GENE_IDS	UPSTREAM_GENE_DISTANCE	DOWNSTREAM_GENE_DISTANCE	STRONGEST SNP-RISK ALLELE	SNPS	MERGED	SNP_ID_CURRENT	CONTEXT	INTERGENIC	RISK ALLELE FREQUENCY	P-VALUE	PVALUE_MLOG	P-VALUE (TEXT)	OR or BETA	95% CI (TEXT)	PLATFORM [SNPS PASSING QC]	CNV	MAPPED_TRAIT	MAPPED_TRAIT_URI	STUDY ACCESSION	GENOTYPING TECHNOLOGY
2021-07-27	34054130	Bralten J	2021-05-30	Neuropsychopharmacology	www.ncbi.nlm.nih.gov/pubmed/34054130	Genetic underpinnings of sociability in the general population.	Sociability score	342,461 European ancestry individuals	NA	2p16.3	2	51065194	AC007682.1	NRXN1			ENSG00000179915			rs10180695-T	rs10180695	0	10180695	intron_variant	0	NR	3E-8	7.522878745280337		0.01187	unit decrease	Affymetrix [9327396] (imputed)	N	social interaction measurement	http://www.ebi.ac.uk/efo/EFO_0009592	GCST012114	Genome-wide genotyping array
2021-07-27	34054130	Bralten J	2021-05-30	Neuropsychopharmacology	www.ncbi.nlm.nih.gov/pubmed/34054130	Genetic underpinnings of sociability in the general population.	Sociability score	342,461 European ancestry individuals	NA	2q23.1	2	148152854	MBD5	MBD5			ENSG00000204406			rs202220108-C	rs202220108	0	202220108	intron_variant	0	NR	3E-8	7.522878745280337		0.01194	unit decrease	Affymetrix [9327396] (imputed)	N	social interaction measurement	http://www.ebi.ac.uk/efo/EFO_0009592	GCST012114	Genome-wide genotyping array
2021-07-27	34054130	Bralten J	2021-05-30	Neuropsychopharmacology	www.ncbi.nlm.nih.gov/pubmed/34054130	Genetic underpinnings of sociability in the general population.	Sociability score	342,461 European ancestry individuals	NA	2q24.1	2	156243781	NR4A2	LINC01876			ENSG00000226383			rs57601252-A	rs57601252	0	57601252	intron_variant	0	NR	4E-8	7.3979400086720375		0.01329	unit increase	Affymetrix [9327396] (imputed)	N	social interaction measurement	http://www.ebi.ac.uk/efo/EFO_0009592	GCST012114	Genome-wide genotyping array
2021-07-27	34054130	Bralten J	2021-05-30	Neuropsychopharmacology	www.ncbi.nlm.nih.gov/pubmed/34054130	Genetic underpinnings of sociability in the general population.	Sociability score	342,461 European ancestry individuals	NA	3p12.2	3	81954056	RP11-359D24.1	GBE1 - LINC02008	ENSG00000114480	ENSG00000239440		192411	32082	rs4266214-G	rs4266214	0	4266214	intergenic_variant	1	NR	2E-9	8.698970004336019		0.01295	unit decrease	Affymetrix [9327396] (imputed)	N	social interaction measurement	http://www.ebi.ac.uk/efo/EFO_0009592	GCST012114	Genome-wide genotyping array
2021-07-27	34054130	Bralten J	2021-05-30	Neuropsychopharmacology	www.ncbi.nlm.nih.gov/pubmed/34054130	Genetic underpinnings of sociability in the general population.	Sociability score	342,461 European ancestry individuals	NA	5q11.2	5	51610012	CTD-2335O3.3	HMGB1P47 - RNA5SP182	ENSG00000249338	ENSG00000251873		199807	276676	rs62365541-A	rs62365541	0	62365541	intron_variant	1	NR	2E-11	10.698970004336019		0.01511	unit decrease	Affymetrix [9327396] (imputed)	N	social interaction measurement	http://www.ebi.ac.uk/efo/EFO_0009592	GCST012114	Genome-wide genotyping array
2021-07-27	34054130	Bralten J	2021-05-30	Neuropsychopharmacology	www.ncbi.nlm.nih.gov/pubmed/34054130	Genetic underpinnings of sociability in the general population.	Sociability score	342,461 European ancestry individuals	NA	5q21.3	5	108542887	RP11-120B7.1	FBXL17 - LINC01023	ENSG00000145743	ENSG00000272523		160789	182820	rs4075651-C	rs4075651	0	4075651	intergenic_variant	1	NR	9E-9	8.045757490560675		0.01391	unit decrease	Affymetrix [9327396] (imputed)	N	social interaction measurement	http://www.ebi.ac.uk/efo/EFO_0009592	GCST012114	Genome-wide genotyping array
2021-07-27	34054130	Bralten J	2021-05-30	Neuropsychopharmacology	www.ncbi.nlm.nih.gov/pubmed/34054130	Genetic underpinnings of sociability in the general population.	Sociability score	342,461 European ancestry individuals	NA	6p24.1	6	11959603	RP11-456H18.1	AMD1P4 - HIVEP1	ENSG00000215124	ENSG00000095951		96633	49159	rs10456089-A	rs10456089	0	10456089	intergenic_variant	1	NR	3E-9	8.522878745280337		0.02434	unit increase	Affymetrix [9327396] (imputed)	N	social interaction measurement	http://www.ebi.ac.uk/efo/EFO_0009592	GCST012114	Genome-wide genotyping array
2021-07-27	34054130	Bralten J	2021-05-30	Neuropsychopharmacology	www.ncbi.nlm.nih.gov/pubmed/34054130	Genetic underpinnings of sociability in the general population.	Sociability score	342,461 European ancestry individuals	NA	6q16.3	6	100461522	SIM1	SIM1			ENSG00000112246			rs4839780-C	rs4839780	0	4839780	intron_variant	0	NR	1E-8	8.0		0.01202	unit increase	Affymetrix [9327396] (imputed)	N	social interaction measurement	http://www.ebi.ac.uk/efo/EFO_0009592	GCST012114	Genome-wide genotyping array
2021-07-27	34054130	Bralten J	2021-05-30	Neuropsychopharmacology	www.ncbi.nlm.nih.gov/pubmed/34054130	Genetic underpinnings of sociability in the general population.	Sociability score	342,461 European ancestry individuals	NA	6q16.3	6	100400995	SIM1	SIM1			ENSG00000112246			rs34979551-G	rs34979551	0	34979551	intron_variant	0	NR	1E-8	8.0		0.01786	unit increase	Affymetrix [9327396] (imputed)	N	social interaction measurement	http://www.ebi.ac.uk/efo/EFO_0009592	GCST012114	Genome-wide genotyping array
2021-07-27	34054130	Bralten J	2021-05-30	Neuropsychopharmacology	www.ncbi.nlm.nih.gov/pubmed/34054130	Genetic underpinnings of sociability in the general population.	Sociability score	342,461 European ancestry individuals	NA	7q31.31	7	117855613	CTTNBP2	CTTNBP2			ENSG00000077063			rs6976111-A	rs6976111	0	6976111	intron_variant	0	NR	4E-10	9.397940008672037		0.01451	unit decrease	Affymetrix [9327396] (imputed)	N	social interaction measurement	http://www.ebi.ac.uk/efo/EFO_0009592	GCST012114	Genome-wide genotyping array
2021-07-27	34054130	Bralten J	2021-05-30	Neuropsychopharmacology	www.ncbi.nlm.nih.gov/pubmed/34054130	Genetic underpinnings of sociability in the general population.	Sociability score	342,461 European ancestry individuals	NA	9p21.3	9	23737629	ELAVL2	ELAVL2			ENSG00000107105			rs3793577-A	rs3793577	0	3793577	intron_variant	0	NR	5E-10	9.301029995663981		0.01335	unit increase	Affymetrix [9327396] (imputed)	N	social interaction measurement	http://www.ebi.ac.uk/efo/EFO_0009592	GCST012114	Genome-wide genotyping array
2021-07-27	34054130	Bralten J	2021-05-30	Neuropsychopharmacology	www.ncbi.nlm.nih.gov/pubmed/34054130	Genetic underpinnings of sociability in the general population.	Sociability score	342,461 European ancestry individuals	NA	9q22.31	9	93625310	PHF2	PHF2			ENSG00000197724			rs10761244-C	rs10761244	0	10761244	intron_variant	0	NR	8E-9	8.096910013008056		0.01235	unit increase	Affymetrix [9327396] (imputed)	N	social interaction measurement	http://www.ebi.ac.uk/efo/EFO_0009592	GCST012114	Genome-wide genotyping array
2021-07-27	34054130	Bralten J	2021-05-30	Neuropsychopharmacology	www.ncbi.nlm.nih.gov/pubmed/34054130	Genetic underpinnings of sociability in the general population.	Sociability score	342,461 European ancestry individuals	NA	9q33.1	9	118878026	TUBB4BP6	TUBB4BP6 - BRINP1	ENSG00000231166	ENSG00000078725		113681	275432	rs71507562-G	rs71507562	0	71507562	intergenic_variant	1	NR	2E-8	7.698970004336019		0.01383	unit increase	Affymetrix [9327396] (imputed)	N	social interaction measurement	http://www.ebi.ac.uk/efo/EFO_0009592	GCST012114	Genome-wide genotyping array
2021-07-27	34054130	Bralten J	2021-05-30	Neuropsychopharmacology	www.ncbi.nlm.nih.gov/pubmed/34054130	Genetic underpinnings of sociability in the general population.	Sociability score	342,461 European ancestry individuals	NA	11p15.3	11	13248399	ARNTL	RASSF10 - BMAL1	ENSG00000189431	ENSG00000133794		236280	28253	rs34588274-C	rs34588274	0	34588274	intergenic_variant	1	NR	1E-13	13.0		0.016	unit decrease	Affymetrix [9327396] (imputed)	N	social interaction measurement	http://www.ebi.ac.uk/efo/EFO_0009592	GCST012114	Genome-wide genotyping array
2021-07-27	34054130	Bralten J	2021-05-30	Neuropsychopharmacology	www.ncbi.nlm.nih.gov/pubmed/34054130	Genetic underpinnings of sociability in the general population.	Sociability score	342,461 European ancestry individuals	NA	11q12.1	11	57665855	ZDHHC5	CLP1 - ZDHHC5	ENSG00000172409	ENSG00000156599		3990	1892	rs527528-T	rs527528	0	527528	intergenic_variant	1	NR	4E-10	9.397940008672037		0.01405	unit decrease	Affymetrix [9327396] (imputed)	N	social interaction measurement	http://www.ebi.ac.uk/efo/EFO_0009592	GCST012114	Genome-wide genotyping array
2021-07-27	34054130	Bralten J	2021-05-30	Neuropsychopharmacology	www.ncbi.nlm.nih.gov/pubmed/34054130	Genetic underpinnings of sociability in the general population.	Sociability score	342,461 European ancestry individuals	NA	11q23.2	11	113517952	DRD2	DRD2 - TMPRSS5	ENSG00000149295	ENSG00000166682		42261	169595	rs4245154-G	rs4245154	0	4245154	intergenic_variant	1	NR	7E-9	8.154901959985743		0.01236	unit increase	Affymetrix [9327396] (imputed)	N	social interaction measurement	http://www.ebi.ac.uk/efo/EFO_0009592	GCST012114	Genome-wide genotyping array
2021-07-27	34054130	Bralten J	2021-05-30	Neuropsychopharmacology	www.ncbi.nlm.nih.gov/pubmed/34054130	Genetic underpinnings of sociability in the general population.	Sociability score	342,461 European ancestry individuals	NA	12q24.11	12	109445312	MYO1H	MYO1H			ENSG00000174527			rs3742021-C	rs3742021	0	3742021	intron_variant	0	NR	7E-9	8.154901959985743		0.01335	unit decrease	Affymetrix [9327396] (imputed)	N	social interaction measurement	http://www.ebi.ac.uk/efo/EFO_0009592	GCST012114	Genome-wide genotyping array
2021-07-27	34054130	Bralten J	2021-05-30	Neuropsychopharmacology	www.ncbi.nlm.nih.gov/pubmed/34054130	Genetic underpinnings of sociability in the general population.	Sociability score	342,461 European ancestry individuals	NA	14q24.2	14	71647421	SIPA1L1	SIPA1L1			ENSG00000197555			rs3784060-G	rs3784060	0	3784060	intron_variant	0	NR	2E-8	7.698970004336019		0.01315	unit increase	Affymetrix [9327396] (imputed)	N	social interaction measurement	http://www.ebi.ac.uk/efo/EFO_0009592	GCST012114	Genome-wide genotyping array
2021-07-27	34054130	Bralten J	2021-05-30	Neuropsychopharmacology	www.ncbi.nlm.nih.gov/pubmed/34054130	Genetic underpinnings of sociability in the general population.	Sociability score	342,461 European ancestry individuals	NA	18q22.1	18	65988824	RP11-389J22.3	CDH7 - PRPF19P1	ENSG00000081138	ENSG00000264685		98487	79926	rs2216270-C	rs2216270	0	2216270	regulatory_region_variant	1	NR	1E-8	8.0		0.0154	unit decrease	Affymetrix [9327396] (imputed)	N	social interaction measurement	http://www.ebi.ac.uk/efo/EFO_0009592	GCST012114	Genome-wide genotyping array
